hidden_size,n_layers,learning_rate,normalized_output,Objective,loss,moving_average,weighting_scheme
2048,15,0.001,True,MSELoss,dirichlet,0.006977969314903021,[5.e+19]
2048,15,0.001,True,MSELoss,uniform,0.008075241930782795,[5.e+19]
2048,15,0.001,True,L1Loss,dirichlet,0.043846338987350464,[5.e+19]
2048,15,0.001,True,L1Loss,uniform,0.04654514044523239,[5.e+19]
2048,15,0.001,False,MSELoss,dirichlet,0.052771128714084625,[5.e+19]
2048,15,0.001,False,MSELoss,uniform,0.02530926652252674,[5.e+19]
2048,15,0.001,False,L1Loss,dirichlet,0.1429567188024521,[5.e+19]
2048,15,0.001,False,L1Loss,uniform,0.14848238229751587,[5.e+19]
2048,15,0.0001,True,MSELoss,dirichlet,0.005787905305624008,[2.5e+19]
2048,15,0.0001,True,MSELoss,uniform,2.0176007637928706e-06,[4.15269204e-06]
2048,15,0.0001,True,L1Loss,dirichlet,0.0008848921861499548,[0.00114141]
2048,15,0.0001,True,L1Loss,uniform,0.0007037165923975408,[0.00098354]
2048,15,0.0001,False,MSELoss,dirichlet,1.7593695247342112e-06,[2.13185986e-06]
2048,15,0.0001,False,MSELoss,uniform,2.231697408205946e-06,[22737367.54433041]
2048,15,0.0001,False,L1Loss,dirichlet,0.0007309025968424976,[0.00080769]
2048,15,0.0001,False,L1Loss,uniform,0.0007108122226782143,[0.00083196]
2048,15,1e-05,True,MSELoss,dirichlet,3.2965963328024372e-06,[5.43567442e-06]
2048,15,1e-05,True,MSELoss,uniform,2.449839712426183e-06,[8.07412184e-06]
2048,15,1e-05,True,L1Loss,dirichlet,0.0007069961284287274,[0.00075008]
2048,15,1e-05,True,L1Loss,uniform,0.0006607012473978102,[0.1701897]
2048,15,1e-05,False,MSELoss,dirichlet,1.8273112800670788e-06,[2.02807887e-06]
2048,15,1e-05,False,MSELoss,uniform,1.7488353023509262e-06,[2.76004083e-06]
2048,15,1e-05,False,L1Loss,dirichlet,0.0006541860639117658,[0.00070086]
2048,15,1e-05,False,L1Loss,uniform,0.0006733076297678053,[0.67838599]
2048,12,0.001,True,MSELoss,dirichlet,0.006878972984850407,[5.e+19]
2048,12,0.001,True,MSELoss,uniform,0.007929213345050812,[5.e+19]
2048,12,0.001,True,L1Loss,dirichlet,0.043531958013772964,[5.e+19]
2048,12,0.001,True,L1Loss,uniform,0.04567506164312363,[5.e+19]
2048,12,0.001,False,MSELoss,dirichlet,0.03750555217266083,[5.e+19]
2048,12,0.001,False,MSELoss,uniform,0.021908266469836235,[5.e+19]
2048,12,0.001,False,L1Loss,dirichlet,0.1449645310640335,[5.e+19]
2048,12,0.001,False,L1Loss,uniform,0.000767073011957109,[0.00089086]
2048,12,0.0001,True,MSELoss,dirichlet,0.007313246838748455,[5.e+19]
2048,12,0.0001,True,MSELoss,uniform,2.014407527894946e-06,[inf]
2048,12,0.0001,True,L1Loss,dirichlet,0.0072872452437877655,[0.01007677]
2048,12,0.0001,True,L1Loss,uniform,0.0008087062742561102,[3.63797881e+08]
2048,12,0.0001,False,MSELoss,dirichlet,1.7647147387833684e-06,[2.38478666e-06]
2048,12,0.0001,False,MSELoss,uniform,1.6488369283251814e-06,[8.64768209e-05]
2048,12,0.0001,False,L1Loss,dirichlet,0.0006958904559724033,[0.00085245]
2048,12,0.0001,False,L1Loss,uniform,0.000631041475571692,[0.02198535]
2048,12,1e-05,True,MSELoss,dirichlet,2.6433224320498994e-06,[6.72456648e-06]
2048,12,1e-05,True,MSELoss,uniform,2.270288177896873e-06,[2.39441138e-06]
2048,12,1e-05,True,L1Loss,dirichlet,0.0005463704583235085,[0.00060985]
2048,12,1e-05,True,L1Loss,uniform,0.0006262148381210864,[0.04311645]
2048,12,1e-05,False,MSELoss,dirichlet,4.5492461708818155e-07,[2.11621531e-06]
2048,12,1e-05,False,MSELoss,uniform,1.0428190080347122e-06,[0.67762782]
2048,12,1e-05,False,L1Loss,dirichlet,0.00034679705277085304,[0.00039642]
2048,12,1e-05,False,L1Loss,uniform,0.00040527881355956197,[0.00055394]
2048,9,0.001,True,MSELoss,dirichlet,[1.e+20],[1.e+20]
2048,9,0.001,True,MSELoss,uniform,[1.e+20],[1.e+20]
2048,9,0.001,True,L1Loss,dirichlet,[1.e+20],[1.e+20]
2048,9,0.001,True,L1Loss,uniform,[1.e+20],[1.e+20]
2048,9,0.001,False,MSELoss,dirichlet,0.023334573954343796,[5.e+19]
2048,9,0.001,False,MSELoss,uniform,0.02531396970152855,[5.e+19]
2048,9,0.001,False,L1Loss,dirichlet,0.08049111813306808,[5.e+19]
2048,9,0.001,False,L1Loss,uniform,0.08592923730611801,[5.e+19]
2048,9,0.0001,True,MSELoss,dirichlet,0.0017629475332796574,[5.96539939e+12]
2048,9,0.0001,True,MSELoss,uniform,0.0026971162296831608,[1.25e+19]
2048,9,0.0001,True,L1Loss,dirichlet,0.011262134648859501,[2.9103834e+09]
2048,9,0.0001,True,L1Loss,uniform,0.003459795843809843,[45474735.88429599]
2048,9,0.0001,False,MSELoss,dirichlet,4.094996768344572e-07,[7.48205514e-07]
2048,9,0.0001,False,MSELoss,uniform,3.4634351209206216e-07,[7.02486719e-07]
2048,9,0.0001,False,L1Loss,dirichlet,0.00040864208131097257,[0.00115688]
2048,9,0.0001,False,L1Loss,uniform,0.00033368091681040823,[0.00041712]
2048,9,1e-05,True,MSELoss,dirichlet,0.0006793466745875776,[16.93522626]
2048,9,1e-05,True,MSELoss,uniform,0.00015933210670482367,[5.42128019]
2048,9,1e-05,True,L1Loss,dirichlet,0.0004480604256968945,[0.00053223]
2048,9,1e-05,True,L1Loss,uniform,0.00032557276426814497,[0.00041113]
2048,9,1e-05,False,MSELoss,dirichlet,3.867299653848022e-07,[1.27214714e-06]
2048,9,1e-05,False,MSELoss,uniform,4.829062163480558e-07,[8.72526515e-07]
2048,9,1e-05,False,L1Loss,dirichlet,0.000287520291749388,[0.0003517]
2048,9,1e-05,False,L1Loss,uniform,0.0003219888312742114,[0.00045293]
2048,6,0.001,True,MSELoss,dirichlet,[1.e+20],[1.e+20]
2048,6,0.001,True,MSELoss,uniform,[1.e+20],[1.e+20]
2048,6,0.001,True,L1Loss,dirichlet,[1.e+20],[1.e+20]
2048,6,0.001,True,L1Loss,uniform,[1.e+20],[1.e+20]
2048,6,0.001,False,MSELoss,dirichlet,0.045385994017124176,[5.e+19]
2048,6,0.001,False,MSELoss,uniform,0.03667779266834259,[5.e+19]
2048,6,0.001,False,L1Loss,dirichlet,0.08979152888059616,[5.e+19]
2048,6,0.001,False,L1Loss,uniform,0.12973995506763458,[5.e+19]
2048,6,0.0001,True,MSELoss,dirichlet,0.006558781024068594,[5.e+19]
2048,6,0.0001,True,MSELoss,uniform,0.007721006870269775,[5.e+19]
2048,6,0.0001,True,L1Loss,dirichlet,0.022980529814958572,[2.5e+19]
2048,6,0.0001,True,L1Loss,uniform,0.015340883284807205,[1.25e+19]
2048,6,0.0001,False,MSELoss,dirichlet,0.20099571347236633,[5.e+19]
2048,6,0.0001,False,MSELoss,uniform,0.2013292759656906,[5.e+19]
2048,6,0.0001,False,L1Loss,dirichlet,0.11824973672628403,[1.25e+19]
2048,6,0.0001,False,L1Loss,uniform,0.08672715723514557,[2.5e+19]
2048,6,1e-05,True,MSELoss,dirichlet,0.0007234069635160267,[2777.8217481]
2048,6,1e-05,True,MSELoss,uniform,0.0004949528374709189,[0.08545741]
2048,6,1e-05,True,L1Loss,dirichlet,0.0021843158174306154,[45474735.09139879]
2048,6,1e-05,True,L1Loss,uniform,0.0025559363421052694,[2.71498789]
2048,6,1e-05,False,MSELoss,dirichlet,1.7244939954252914e-05,[7.62939453e+14]
2048,6,1e-05,False,MSELoss,uniform,5.4354175517801195e-05,[1.953125e+17]
2048,6,1e-05,False,L1Loss,dirichlet,0.00028582598315551877,[0.00041297]
2048,6,1e-05,False,L1Loss,uniform,0.00028128831763751805,[0.00039403]
2048,3,0.001,True,MSELoss,dirichlet,[1.e+20],[1.e+20]
2048,3,0.001,True,MSELoss,uniform,[1.e+20],[1.e+20]
2048,3,0.001,True,L1Loss,dirichlet,[1.e+20],[1.e+20]
2048,3,0.001,True,L1Loss,uniform,[1.e+20],[1.e+20]
2048,3,0.001,False,MSELoss,dirichlet,[1.e+20],[1.e+20]
2048,3,0.001,False,MSELoss,uniform,[1.e+20],[1.e+20]
2048,3,0.001,False,L1Loss,dirichlet,[1.e+20],[1.e+20]
2048,3,0.001,False,L1Loss,uniform,[1.e+20],[1.e+20]
2048,3,0.0001,True,MSELoss,dirichlet,[1.e+20],[1.e+20]
2048,3,0.0001,True,MSELoss,uniform,[1.e+20],[1.e+20]
2048,3,0.0001,True,L1Loss,dirichlet,0.014411034993827343,[inf]
2048,3,0.0001,True,L1Loss,uniform,0.010184785351157188,[inf]
2048,3,0.0001,False,MSELoss,dirichlet,[1.e+20],[1.e+20]
2048,3,0.0001,False,MSELoss,uniform,[1.e+20],[1.e+20]
2048,3,0.0001,False,L1Loss,dirichlet,[1.e+20],[1.e+20]
2048,3,0.0001,False,L1Loss,uniform,0.011263039894402027,[inf]
2048,3,1e-05,True,MSELoss,dirichlet,0.0009581456542946398,[1.81898941e+08]
2048,3,1e-05,True,MSELoss,uniform,0.00040867782081477344,[0.00050202]
2048,3,1e-05,True,L1Loss,dirichlet,0.001790776732377708,[2.01533461]
2048,3,1e-05,True,L1Loss,uniform,0.002613647608086467,[45474735.09269792]
2048,3,1e-05,False,MSELoss,dirichlet,[1.e+20],[1.e+20]
2048,3,1e-05,False,MSELoss,uniform,[1.e+20],[1.e+20]
2048,3,1e-05,False,L1Loss,dirichlet,[1.e+20],[1.e+20]
2048,3,1e-05,False,L1Loss,uniform,[1.e+20],[1.e+20]
1024,15,0.001,True,MSELoss,dirichlet,0.006933893542736769,[5.e+19]
1024,15,0.001,True,MSELoss,uniform,0.008117172867059708,[5.e+19]
1024,15,0.001,True,L1Loss,dirichlet,0.04426988214254379,[5.e+19]
1024,15,0.001,True,L1Loss,uniform,0.0007876273011788726,[0.00099754]
1024,15,0.001,False,MSELoss,dirichlet,2.408650288998615e-06,[0.01059329]
1024,15,0.001,False,MSELoss,uniform,2.9002449082327075e-06,[2.38418579e+13]
1024,15,0.001,False,L1Loss,dirichlet,0.0008515564841218293,[0.00645149]
1024,15,0.001,False,L1Loss,uniform,0.0007716707768850029,[0.00090018]
1024,15,0.0001,True,MSELoss,dirichlet,2.0815505195059814e-06,[8.25241916e-06]
1024,15,0.0001,True,MSELoss,uniform,0.008427328430116177,[5.e+19]
1024,15,0.0001,True,L1Loss,dirichlet,0.0007449497352354228,[0.00093242]
1024,15,0.0001,True,L1Loss,uniform,0.0007558647193945944,[0.00090302]
1024,15,0.0001,False,MSELoss,dirichlet,1.9060483964494779e-06,[2.93443471e-06]
1024,15,0.0001,False,MSELoss,uniform,1.6834565030876547e-06,[1.96936295e-06]
1024,15,0.0001,False,L1Loss,dirichlet,0.0007299268618226051,[0.00082127]
1024,15,0.0001,False,L1Loss,uniform,0.0006328628514893353,[0.02202368]
1024,15,1e-05,True,MSELoss,dirichlet,2.1217028915998526e-06,[2.59657163e-06]
1024,15,1e-05,True,MSELoss,uniform,2.4015132567001274e-06,[3.09171556e-06]
1024,15,1e-05,True,L1Loss,dirichlet,0.00071590585866943,[0.0009511]
1024,15,1e-05,True,L1Loss,uniform,0.0006517119472846389,[0.00069912]
1024,15,1e-05,False,MSELoss,dirichlet,2.0495040189416613e-06,[2.22841669e-06]
1024,15,1e-05,False,MSELoss,uniform,1.94576909962052e-06,[2.32973755e-06]
1024,15,1e-05,False,L1Loss,dirichlet,0.0006885804468765855,[0.00081456]
1024,15,1e-05,False,L1Loss,uniform,0.0006380931008607149,[0.00081011]
1024,12,0.001,True,MSELoss,dirichlet,0.00709661515429616,[5.e+19]
1024,12,0.001,True,MSELoss,uniform,0.00805366039276123,[5.e+19]
1024,12,0.001,True,L1Loss,dirichlet,0.04431294649839401,[5.e+19]
1024,12,0.001,True,L1Loss,uniform,0.04665061831474304,[5.e+19]
1024,12,0.001,False,MSELoss,dirichlet,0.18840456008911133,[5.e+19]
1024,12,0.001,False,MSELoss,uniform,0.17882941663265228,[5.e+19]
1024,12,0.001,False,L1Loss,dirichlet,0.0008636547718197107,[0.00132734]
1024,12,0.001,False,L1Loss,uniform,0.0008170657674781978,[0.00087318]
1024,12,0.0001,True,MSELoss,dirichlet,2.3704410523350816e-06,[0.00265054]
1024,12,0.0001,True,MSELoss,uniform,0.008428696542978287,[5.e+19]
1024,12,0.0001,True,L1Loss,dirichlet,0.0005002595135010779,[86.73681491]
1024,12,0.0001,True,L1Loss,uniform,0.0007381586474366486,[0.00087419]
1024,12,0.0001,False,MSELoss,dirichlet,1.8042558167508105e-06,[4.9311806e-06]
1024,12,0.0001,False,MSELoss,uniform,1.610458639333956e-06,[2.85162689e-06]
1024,12,0.0001,False,L1Loss,dirichlet,0.0007343741599470377,[0.00097778]
1024,12,0.0001,False,L1Loss,uniform,0.0006224001408554614,[0.00069963]
1024,12,1e-05,True,MSELoss,dirichlet,3.2640539302519755e-06,[4.32626379e-06]
1024,12,1e-05,True,MSELoss,uniform,2.5805520635913126e-06,[3.25689494e-06]
1024,12,1e-05,True,L1Loss,dirichlet,0.000684561615344137,[0.00078216]
1024,12,1e-05,True,L1Loss,uniform,0.0006578160682693124,[0.00069297]
1024,12,1e-05,False,MSELoss,dirichlet,5.728086875933514e-07,[6.59057754e-07]
1024,12,1e-05,False,MSELoss,uniform,1.5713241054982063e-06,[3.24029121e-06]
1024,12,1e-05,False,L1Loss,dirichlet,0.0006733478512614965,[0.00073886]
1024,12,1e-05,False,L1Loss,uniform,0.0005135032115504146,[0.00063013]
1024,9,0.001,True,MSELoss,dirichlet,0.006527592893689871,[5.e+19]
1024,9,0.001,True,MSELoss,uniform,0.007920831441879272,[5.e+19]
1024,9,0.001,True,L1Loss,dirichlet,0.043942809104919434,[5.e+19]
1024,9,0.001,True,L1Loss,uniform,0.04602770134806633,[5.e+19]
1024,9,0.001,False,MSELoss,dirichlet,0.0998600572347641,[5.e+19]
1024,9,0.001,False,MSELoss,uniform,1.9522464275360107,[5.e+19]
1024,9,0.001,False,L1Loss,dirichlet,0.001143955858424306,[5.96046448e+12]
1024,9,0.001,False,L1Loss,uniform,0.0010996453929692507,[7.4505806e+11]
1024,9,0.0001,True,MSELoss,dirichlet,0.0013898034812882543,[4.77006169e+13]
1024,9,0.0001,True,MSELoss,uniform,0.008486215956509113,[5.e+19]
1024,9,0.0001,True,L1Loss,dirichlet,0.00047896531759761274,[0.00056498]
1024,9,0.0001,True,L1Loss,uniform,0.00045092790969647467,[0.00054999]
1024,9,0.0001,False,MSELoss,dirichlet,3.9203854385050363e-07,[1.80889469e-06]
1024,9,0.0001,False,MSELoss,uniform,4.7536266833958507e-07,[5.46112528e-07]
1024,9,0.0001,False,L1Loss,dirichlet,0.00036872574128210545,[693.88991064]
1024,9,0.0001,False,L1Loss,uniform,0.00033686033566482365,[0.00043308]
1024,9,1e-05,True,MSELoss,dirichlet,6.076717454561731e-06,[0.0001115]
1024,9,1e-05,True,MSELoss,uniform,1.9091853573627304e-06,[2.38362575e-06]
1024,9,1e-05,True,L1Loss,dirichlet,0.0005201022140681744,[0.0006539]
1024,9,1e-05,True,L1Loss,uniform,0.0009065272170118988,[710542.73679652]
1024,9,1e-05,False,MSELoss,dirichlet,5.114612235956884e-07,[6.97694976e-07]
1024,9,1e-05,False,MSELoss,uniform,4.5495062295231037e-07,[5.11566417e-07]
1024,9,1e-05,False,L1Loss,dirichlet,0.00030885430169291794,[0.00037717]
1024,9,1e-05,False,L1Loss,uniform,0.00033235110458917916,[0.00174367]
1024,6,0.001,True,MSELoss,dirichlet,[1.e+20],[1.e+20]
1024,6,0.001,True,MSELoss,uniform,[1.e+20],[1.e+20]
1024,6,0.001,True,L1Loss,dirichlet,237427277824.0,[5.00000001e+19]
1024,6,0.001,True,L1Loss,uniform,0.04590485990047455,[6.53991314e+19]
1024,6,0.001,False,MSELoss,dirichlet,8274.2158203125,[5.e+19]
1024,6,0.001,False,MSELoss,uniform,0.0501563660800457,[5.e+19]
1024,6,0.001,False,L1Loss,dirichlet,0.1340986043214798,[5.e+19]
1024,6,0.001,False,L1Loss,uniform,0.12685170769691467,[5.e+19]
1024,6,0.0001,True,MSELoss,dirichlet,0.0023998022079467773,[3.90625e+17]
1024,6,0.0001,True,MSELoss,uniform,0.001600314979441464,[1.49011612e+12]
1024,6,0.0001,True,L1Loss,dirichlet,0.012751842848956585,[1.25e+19]
1024,6,0.0001,True,L1Loss,uniform,0.005468342453241348,[7.8125e+17]
1024,6,0.0001,False,MSELoss,dirichlet,0.0029821177013218403,[2.5e+19]
1024,6,0.0001,False,MSELoss,uniform,0.012330312281847,[2.5e+19]
1024,6,0.0001,False,L1Loss,dirichlet,0.00029086635913699865,[0.00040087]
1024,6,0.0001,False,L1Loss,uniform,0.020924976095557213,[2.5e+19]
1024,6,1e-05,True,MSELoss,dirichlet,0.00038267485797405243,[6.74948527e+16]
1024,6,1e-05,True,MSELoss,uniform,0.00020191525982227176,[0.00029381]
1024,6,1e-05,True,L1Loss,dirichlet,0.00074672611663118,[0.00183616]
1024,6,1e-05,True,L1Loss,uniform,0.0006786584272049367,[0.00075475]
1024,6,1e-05,False,MSELoss,dirichlet,9.187738214677665e-07,[1.84428633e-06]
1024,6,1e-05,False,MSELoss,uniform,8.736655559005158e-07,[1.09492843e-06]
1024,6,1e-05,False,L1Loss,dirichlet,0.00035442091757431626,[0.00041964]
1024,6,1e-05,False,L1Loss,uniform,0.0003440605360083282,[0.00039559]
1024,3,0.001,True,MSELoss,dirichlet,[1.e+20],[1.e+20]
1024,3,0.001,True,MSELoss,uniform,[1.e+20],[1.e+20]
1024,3,0.001,True,L1Loss,dirichlet,0.10659978538751602,[inf]
1024,3,0.001,True,L1Loss,uniform,[1.e+20],[1.e+20]
1024,3,0.001,False,MSELoss,dirichlet,[1.e+20],[1.e+20]
1024,3,0.001,False,MSELoss,uniform,[1.e+20],[1.e+20]
1024,3,0.001,False,L1Loss,dirichlet,0.06823647767305374,[inf]
1024,3,0.001,False,L1Loss,uniform,[1.e+20],[1.e+20]
1024,3,0.0001,True,MSELoss,dirichlet,0.0027631702832877636,[inf]
1024,3,0.0001,True,MSELoss,uniform,[1.e+20],[1.e+20]
1024,3,0.0001,True,L1Loss,dirichlet,0.013402270153164864,[1.90734863e+14]
1024,3,0.0001,True,L1Loss,uniform,0.009042192250490189,[4.88281264e+16]
1024,3,0.0001,False,MSELoss,dirichlet,[1.e+20],[1.e+20]
1024,3,0.0001,False,MSELoss,uniform,[1.e+20],[1.e+20]
1024,3,0.0001,False,L1Loss,dirichlet,0.014509400352835655,[inf]
1024,3,0.0001,False,L1Loss,uniform,[1.e+20],[1.e+20]
1024,3,1e-05,True,MSELoss,dirichlet,0.00036163246841169894,[0.0004428]
1024,3,1e-05,True,MSELoss,uniform,0.00023169875203166157,[0.00027137]
1024,3,1e-05,True,L1Loss,dirichlet,0.0013863964704796672,[0.17093965]
1024,3,1e-05,True,L1Loss,uniform,0.0016941071953624487,[507.88470396]
1024,3,1e-05,False,MSELoss,dirichlet,[1.e+20],[1.e+20]
1024,3,1e-05,False,MSELoss,uniform,[1.e+20],[1.e+20]
1024,3,1e-05,False,L1Loss,dirichlet,[1.e+20],[1.e+20]
1024,3,1e-05,False,L1Loss,uniform,[1.e+20],[1.e+20]
512,15,0.001,True,MSELoss,dirichlet,2.4803646738291718e-05,[1.22070312e+16]
512,15,0.001,True,MSELoss,uniform,0.008244208060204983,[5.e+19]
512,15,0.001,True,L1Loss,dirichlet,0.04446180909872055,[5.e+19]
512,15,0.001,True,L1Loss,uniform,0.0007813337724655867,[0.00095628]
512,15,0.001,False,MSELoss,dirichlet,0.6411306858062744,[5.e+19]
512,15,0.001,False,MSELoss,uniform,0.35917457938194275,[5.e+19]
512,15,0.001,False,L1Loss,dirichlet,0.0008334951126016676,[0.0010189]
512,15,0.001,False,L1Loss,uniform,0.0019577061757445335,[0.00484133]
512,15,0.0001,True,MSELoss,dirichlet,2.8853476123913424e-06,[346.9446984]
512,15,0.0001,True,MSELoss,uniform,1.908945023387787e-06,[2.20715103e-06]
512,15,0.0001,True,L1Loss,dirichlet,0.0007754791877232492,[0.0431705]
512,15,0.0001,True,L1Loss,uniform,0.0007034998270682991,[10.84285803]
512,15,0.0001,False,MSELoss,dirichlet,1.8726937014434952e-06,[2.7354157e-06]
512,15,0.0001,False,MSELoss,uniform,1.8849066236725776e-06,[3.05368793e-06]
512,15,0.0001,False,L1Loss,dirichlet,0.0007291053771041334,[0.00092963]
512,15,0.0001,False,L1Loss,uniform,0.0006299075321294367,[0.00080191]
512,15,1e-05,True,MSELoss,dirichlet,3.4360009522060864e-06,[4.31306407e-06]
512,15,1e-05,True,MSELoss,uniform,2.6305879146093503e-06,[2.89858143e-06]
512,15,1e-05,True,L1Loss,dirichlet,0.0007204029243439436,[0.000743]
512,15,1e-05,True,L1Loss,uniform,0.0006563371862284839,[0.00069869]
512,15,1e-05,False,MSELoss,dirichlet,2.2089409412728855e-06,[2.41764195e-06]
512,15,1e-05,False,MSELoss,uniform,2.467169224473764e-06,[2.69881898e-06]
512,15,1e-05,False,L1Loss,dirichlet,0.0007605141727253795,[0.00087184]
512,15,1e-05,False,L1Loss,uniform,0.0007745038601569831,[0.00084412]
512,12,0.001,True,MSELoss,dirichlet,0.0070229219272732735,[5.e+19]
512,12,0.001,True,MSELoss,uniform,0.0011053808266296983,[3.125e+18]
512,12,0.001,True,L1Loss,dirichlet,0.04395327344536781,[5.e+19]
512,12,0.001,True,L1Loss,uniform,0.0471835732460022,[5.e+19]
512,12,0.001,False,MSELoss,dirichlet,2.0632255655073095e-06,[86.73617995]
512,12,0.001,False,MSELoss,uniform,0.17506270110607147,[5.e+19]
512,12,0.001,False,L1Loss,dirichlet,0.0008075279765762389,[0.00091983]
512,12,0.001,False,L1Loss,uniform,0.0005908574676141143,[0.00072125]
512,12,0.0001,True,MSELoss,dirichlet,3.739029853022657e-05,[0.0018609]
512,12,0.0001,True,MSELoss,uniform,2.55470104093547e-06,[4.43013507e-06]
512,12,0.0001,True,L1Loss,dirichlet,0.0007130162557587028,[0.00082572]
512,12,0.0001,True,L1Loss,uniform,0.0007050047279335558,[0.00087073]
512,12,0.0001,False,MSELoss,dirichlet,1.7861445940070553e-06,[7.33639106e-06]
512,12,0.0001,False,MSELoss,uniform,1.845809606493276e-06,[2.332743e-06]
512,12,0.0001,False,L1Loss,dirichlet,0.0006795513909310102,[0.00076049]
512,12,0.0001,False,L1Loss,uniform,0.00037987949326634407,[0.00049023]
512,12,1e-05,True,MSELoss,dirichlet,2.564868509580265e-06,[2.91460529e-06]
512,12,1e-05,True,MSELoss,uniform,4.270972567610443e-06,[1.07450613e-05]
512,12,1e-05,True,L1Loss,dirichlet,0.0007337940623983741,[0.00102363]
512,12,1e-05,True,L1Loss,uniform,0.000730649393517524,[0.00084494]
512,12,1e-05,False,MSELoss,dirichlet,1.9579147192416713e-06,[2.32760777e-06]
512,12,1e-05,False,MSELoss,uniform,2.4968444449768867e-06,[2.85197458e-06]
512,12,1e-05,False,L1Loss,dirichlet,0.0006838684203103185,[0.00076136]
512,12,1e-05,False,L1Loss,uniform,0.0006669869762845337,[0.00073053]
512,9,0.001,True,MSELoss,dirichlet,0.007116691675037146,[5.e+19]
512,9,0.001,True,MSELoss,uniform,0.0029796455055475235,[2.5e+19]
512,9,0.001,True,L1Loss,dirichlet,0.029407167807221413,[2.5e+19]
512,9,0.001,True,L1Loss,uniform,0.04692786931991577,[5.e+19]
512,9,0.001,False,MSELoss,dirichlet,7.6054689088778105e-06,[1.5625e+18]
512,9,0.001,False,MSELoss,uniform,7.198306775535457e-06,[1.5625e+18]
512,9,0.001,False,L1Loss,dirichlet,0.00043401430593803525,[0.00054788]
512,9,0.001,False,L1Loss,uniform,0.0006853035883978009,[2.32830644e+10]
512,9,0.0001,True,MSELoss,dirichlet,0.0006172722787596285,[173.4732216]
512,9,0.0001,True,MSELoss,uniform,0.0001799266756279394,[355271.36844605]
512,9,0.0001,True,L1Loss,dirichlet,0.000438490736996755,[0.00049419]
512,9,0.0001,True,L1Loss,uniform,0.0003952934639528394,[0.00045467]
512,9,0.0001,False,MSELoss,dirichlet,3.9334764778686804e-07,[1.14551308e-06]
512,9,0.0001,False,MSELoss,uniform,6.500999347736069e-07,[1.99005863e-06]
512,9,0.0001,False,L1Loss,dirichlet,0.0003541536279954016,[0.00040023]
512,9,0.0001,False,L1Loss,uniform,0.00035448934067972004,[0.0851197]
512,9,1e-05,True,MSELoss,dirichlet,7.816584002284799e-06,[3.60043271e-05]
512,9,1e-05,True,MSELoss,uniform,1.9577184502850287e-05,[8.72893981e-05]
512,9,1e-05,True,L1Loss,dirichlet,0.0008992241928353906,[0.0009611]
512,9,1e-05,True,L1Loss,uniform,0.0007212095661088824,[0.00079404]
512,9,1e-05,False,MSELoss,dirichlet,8.310031489600078e-07,[1.59462041e-06]
512,9,1e-05,False,MSELoss,uniform,1.0822399190146825e-06,[1.44124555e-06]
512,9,1e-05,False,L1Loss,dirichlet,0.0004690235364250839,[0.0005071]
512,9,1e-05,False,L1Loss,uniform,0.00043946897494606674,[0.0005222]
512,6,0.001,True,MSELoss,dirichlet,0.005704459268599749,[5.e+19]
512,6,0.001,True,MSELoss,uniform,0.007545018568634987,[5.e+19]
512,6,0.001,True,L1Loss,dirichlet,0.030006559565663338,[2.5e+19]
512,6,0.001,True,L1Loss,uniform,0.044002726674079895,[5.e+19]
512,6,0.001,False,MSELoss,dirichlet,12.762584686279297,[5.e+19]
512,6,0.001,False,MSELoss,uniform,0.06157469376921654,[5.e+19]
512,6,0.001,False,L1Loss,dirichlet,0.28661584854125977,[5.e+19]
512,6,0.001,False,L1Loss,uniform,0.47418367862701416,[5.e+19]
512,6,0.0001,True,MSELoss,dirichlet,0.001226642751134932,[3.72529032e+11]
512,6,0.0001,True,MSELoss,uniform,0.0006190405110828578,[1.40967376e+14]
512,6,0.0001,True,L1Loss,dirichlet,0.001744513981975615,[45474735.09143844]
512,6,0.0001,True,L1Loss,uniform,0.0028185646515339613,[1.22070312e+16]
512,6,0.0001,False,MSELoss,dirichlet,2.963752376672346e-05,[9.765625e+16]
512,6,0.0001,False,MSELoss,uniform,0.0005124954623170197,[2.5e+19]
512,6,0.0001,False,L1Loss,dirichlet,0.00030543137108907104,[0.00037449]
512,6,0.0001,False,L1Loss,uniform,0.0002739874180406332,[0.00033586]
512,6,1e-05,True,MSELoss,dirichlet,0.0002175265981350094,[0.00303738]
512,6,1e-05,True,MSELoss,uniform,5.827104178024456e-05,[88817.84206919]
512,6,1e-05,True,L1Loss,dirichlet,0.0007591332541778684,[0.00084985]
512,6,1e-05,True,L1Loss,uniform,0.0007188673480413854,[0.00078715]
512,6,1e-05,False,MSELoss,dirichlet,1.0073048315462074e-06,[1.56570171e-06]
512,6,1e-05,False,MSELoss,uniform,2.1792823190480703e-06,[2.58711159e-06]
512,6,1e-05,False,L1Loss,dirichlet,0.0004577804356813431,[0.00048805]
512,6,1e-05,False,L1Loss,uniform,0.00040049056406132877,[0.00042019]
512,3,0.001,True,MSELoss,dirichlet,[1.e+20],[1.e+20]
512,3,0.001,True,MSELoss,uniform,[1.e+20],[1.e+20]
512,3,0.001,True,L1Loss,dirichlet,[1.e+20],[1.e+20]
512,3,0.001,True,L1Loss,uniform,[1.e+20],[1.e+20]
512,3,0.001,False,MSELoss,dirichlet,[1.e+20],[1.e+20]
512,3,0.001,False,MSELoss,uniform,[1.e+20],[1.e+20]
512,3,0.001,False,L1Loss,dirichlet,[1.e+20],[1.e+20]
512,3,0.001,False,L1Loss,uniform,[1.e+20],[1.e+20]
512,3,0.0001,True,MSELoss,dirichlet,[1.e+20],[1.e+20]
512,3,0.0001,True,MSELoss,uniform,[1.e+20],[1.e+20]
512,3,0.0001,True,L1Loss,dirichlet,0.004741242621093988,[2842176.46397993]
512,3,0.0001,True,L1Loss,uniform,0.003402385162189603,[5.42488313]
512,3,0.0001,False,MSELoss,dirichlet,[1.e+20],[1.e+20]
512,3,0.0001,False,MSELoss,uniform,[1.e+20],[1.e+20]
512,3,0.0001,False,L1Loss,dirichlet,[1.e+20],[1.e+20]
512,3,0.0001,False,L1Loss,uniform,0.004224528558552265,[6217.98078137]
512,3,1e-05,True,MSELoss,dirichlet,[1.e+20],[1.e+20]
512,3,1e-05,True,MSELoss,uniform,[1.e+20],[1.e+20]
512,3,1e-05,True,L1Loss,dirichlet,0.001709869597107172,[0.00282153]
512,3,1e-05,True,L1Loss,uniform,0.0013102155644446611,[0.00179383]
512,3,1e-05,False,MSELoss,dirichlet,[1.e+20],[1.e+20]
512,3,1e-05,False,MSELoss,uniform,[1.e+20],[1.e+20]
512,3,1e-05,False,L1Loss,dirichlet,[1.e+20],[1.e+20]
512,3,1e-05,False,L1Loss,uniform,[1.e+20],[1.e+20]
256,15,0.001,True,MSELoss,dirichlet,0.00687687611207366,[5.e+19]
256,15,0.001,True,MSELoss,uniform,2.5517285848764004e-06,[86.73617746]
256,15,0.001,True,L1Loss,dirichlet,0.0009235187899321318,[0.00112401]
256,15,0.001,True,L1Loss,uniform,0.0007559132645837963,[0.00097136]
256,15,0.001,False,MSELoss,dirichlet,2.3641291591047775e-06,[3.77508873e-06]
256,15,0.001,False,MSELoss,uniform,0.46054911613464355,[5.e+19]
256,15,0.001,False,L1Loss,dirichlet,0.0008430086309090257,[0.00638885]
256,15,0.001,False,L1Loss,uniform,0.000751200714148581,[0.00097995]
256,15,0.0001,True,MSELoss,dirichlet,2.1841635771124857e-06,[3.24593129e-06]
256,15,0.0001,True,MSELoss,uniform,2.7255998702457873e-06,[9.98185488e-06]
256,15,0.0001,True,L1Loss,dirichlet,0.0007717853877693415,[1.35617524]
256,15,0.0001,True,L1Loss,uniform,0.0007408126257359982,[0.00082768]
256,15,0.0001,False,MSELoss,dirichlet,1.8939781512017362e-06,[2.41853127e-06]
256,15,0.0001,False,MSELoss,uniform,1.7613566569707473e-06,[2.71090467e-06]
256,15,0.0001,False,L1Loss,dirichlet,0.0006899162544868886,[0.00080591]
256,15,0.0001,False,L1Loss,uniform,0.0006085928762331605,[0.00072658]
256,15,1e-05,True,MSELoss,dirichlet,5.557064014283242e-06,[6.4814104e-06]
256,15,1e-05,True,MSELoss,uniform,3.802713308687089e-06,[4.48578675e-06]
256,15,1e-05,True,L1Loss,dirichlet,0.0007965074619278312,[0.00082977]
256,15,1e-05,True,L1Loss,uniform,0.0009366889717057347,[0.00100666]
256,15,1e-05,False,MSELoss,dirichlet,3.587531864468474e-06,[3.9582525e-06]
256,15,1e-05,False,MSELoss,uniform,2.196201603510417e-05,[2.22985959e-05]
256,15,1e-05,False,L1Loss,dirichlet,0.0023656063713133335,[0.00238456]
256,15,1e-05,False,L1Loss,uniform,0.0011096822563558817,[0.0011578]
256,12,0.001,True,MSELoss,dirichlet,0.007044175174087286,[5.e+19]
256,12,0.001,True,MSELoss,uniform,0.0015587840462103486,[1.25e+19]
256,12,0.001,True,L1Loss,dirichlet,0.0007771462551318109,[0.00095056]
256,12,0.001,True,L1Loss,uniform,0.030448317527770996,[3.125e+18]
256,12,0.001,False,MSELoss,dirichlet,2.0873592347925296e-06,[3.08849017e-06]
256,12,0.001,False,MSELoss,uniform,7.130985736846924,[5.e+19]
256,12,0.001,False,L1Loss,dirichlet,0.0007658718386664987,[0.0009032]
256,12,0.001,False,L1Loss,uniform,0.0007566564017906785,[710542.73672262]
256,12,0.0001,True,MSELoss,dirichlet,3.08141898130998e-06,[5.38235353e-06]
256,12,0.0001,True,MSELoss,uniform,3.6634896787290927e-06,[86.73618248]
256,12,0.0001,True,L1Loss,dirichlet,0.0007216210942715406,[0.00100209]
256,12,0.0001,True,L1Loss,uniform,0.0006562337512150407,[0.00073511]
256,12,0.0001,False,MSELoss,dirichlet,1.8512895394451334e-06,[2.7109315e-06]
256,12,0.0001,False,MSELoss,uniform,1.9311835330881877e-06,[2.41405452e-06]
256,12,0.0001,False,L1Loss,dirichlet,0.00038818109896965325,[0.00044512]
256,12,0.0001,False,L1Loss,uniform,0.000606418470852077,[0.00082599]
256,12,1e-05,True,MSELoss,dirichlet,3.064799102503457e-06,[3.64793234e-06]
256,12,1e-05,True,MSELoss,uniform,5.839529876539018e-06,[7.33433136e-06]
256,12,1e-05,True,L1Loss,dirichlet,0.0008366937981918454,[0.00093926]
256,12,1e-05,True,L1Loss,uniform,0.0007905520033091307,[0.00083284]
256,12,1e-05,False,MSELoss,dirichlet,2.6947752758132992e-06,[3.09978578e-06]
256,12,1e-05,False,MSELoss,uniform,3.667460987344384e-06,[3.85666818e-06]
256,12,1e-05,False,L1Loss,dirichlet,0.0008664943743497133,[0.00097265]
256,12,1e-05,False,L1Loss,uniform,0.0007286074105650187,[0.00074981]
256,9,0.001,True,MSELoss,dirichlet,0.007534426636993885,[5.e+19]
256,9,0.001,True,MSELoss,uniform,0.008746481500566006,[5.e+19]
256,9,0.001,True,L1Loss,dirichlet,0.024943873286247253,[2.5e+19]
256,9,0.001,True,L1Loss,uniform,0.01748069003224373,[1.25e+19]
256,9,0.001,False,MSELoss,dirichlet,3.2642021778883645e-06,[1.49011612e+12]
256,9,0.001,False,MSELoss,uniform,4.132569756620796e-06,[7.62939453e+14]
256,9,0.001,False,L1Loss,dirichlet,0.00043422996532171965,[0.00054844]
256,9,0.001,False,L1Loss,uniform,0.0005842102109454572,[44408.9217953]
256,9,0.0001,True,MSELoss,dirichlet,0.0004714733804576099,[1.45535266e+09]
256,9,0.0001,True,MSELoss,uniform,2.8915974326082505e-06,[1.77027204e-05]
256,9,0.0001,True,L1Loss,dirichlet,0.0004194652137812227,[0.00048506]
256,9,0.0001,True,L1Loss,uniform,0.0005365516408346593,[0.00060636]
256,9,0.0001,False,MSELoss,dirichlet,5.931168516326579e-07,[8.05567471e-07]
256,9,0.0001,False,MSELoss,uniform,3.630099172369228e-07,[5.42572507e-07]
256,9,0.0001,False,L1Loss,dirichlet,0.00037438541767187417,[0.00041882]
256,9,0.0001,False,L1Loss,uniform,0.00033415682264603674,[0.00037699]
256,9,1e-05,True,MSELoss,dirichlet,7.654349246877246e-06,[1.79089838e-05]
256,9,1e-05,True,MSELoss,uniform,5.016151590098161e-06,[7.50009337e-06]
256,9,1e-05,True,L1Loss,dirichlet,0.0008613138925284147,[0.00088175]
256,9,1e-05,True,L1Loss,uniform,0.0008317254832945764,[0.00085192]
256,9,1e-05,False,MSELoss,dirichlet,1.7205828726218897e-06,[1.81386855e-06]
256,9,1e-05,False,MSELoss,uniform,2.2114991224952973e-06,[2.26871258e-06]
256,9,1e-05,False,L1Loss,dirichlet,0.0006974737043492496,[0.0007356]
256,9,1e-05,False,L1Loss,uniform,0.0006110737449489534,[0.00066668]
256,6,0.001,True,MSELoss,dirichlet,0.0072211893275380135,[1.33582624e+19]
256,6,0.001,True,MSELoss,uniform,0.007052191998809576,[5.e+19]
256,6,0.001,True,L1Loss,dirichlet,0.016320064663887024,[1.25e+19]
256,6,0.001,True,L1Loss,uniform,0.04349888861179352,[5.e+19]
256,6,0.001,False,MSELoss,dirichlet,0.0510222390294075,[2.5e+19]
256,6,0.001,False,MSELoss,uniform,0.251116544008255,[5.e+19]
256,6,0.001,False,L1Loss,dirichlet,0.5489649176597595,[5.e+19]
256,6,0.001,False,L1Loss,uniform,0.6837244629859924,[5.e+19]
256,6,0.0001,True,MSELoss,dirichlet,0.0008782087825238705,[2842170.97023887]
256,6,0.0001,True,MSELoss,uniform,0.00026045829872600734,[0.00159335]
256,6,0.0001,True,L1Loss,dirichlet,0.000367583183106035,[0.00040134]
256,6,0.0001,True,L1Loss,uniform,0.0011094360379502177,[9.31322575e+10]
256,6,0.0001,False,MSELoss,dirichlet,0.00011111062485724688,[6.25e+18]
256,6,0.0001,False,MSELoss,uniform,8.89380771695869e-06,[3.7252903e+11]
256,6,0.0001,False,L1Loss,dirichlet,0.00030633609276264906,[0.00036359]
256,6,0.0001,False,L1Loss,uniform,0.0003010396321769804,[0.00041419]
256,6,1e-05,True,MSELoss,dirichlet,9.91265696939081e-05,[0.00016113]
256,6,1e-05,True,MSELoss,uniform,8.951127711043227e-06,[0.00034692]
256,6,1e-05,True,L1Loss,dirichlet,0.0008270303369499743,[0.00086465]
256,6,1e-05,True,L1Loss,uniform,0.0007921644137240946,[0.00099959]
256,6,1e-05,False,MSELoss,dirichlet,2.396734544163337e-06,[2.65092695e-06]
256,6,1e-05,False,MSELoss,uniform,2.099220864693052e-06,[2.45050815e-06]
256,6,1e-05,False,L1Loss,dirichlet,0.0004993239417672157,[0.00054817]
256,6,1e-05,False,L1Loss,uniform,0.0011090610641986132,[3.7252903e+11]
256,3,0.001,True,MSELoss,dirichlet,[1.e+20],[1.e+20]
256,3,0.001,True,MSELoss,uniform,[1.e+20],[1.e+20]
256,3,0.001,True,L1Loss,dirichlet,0.038205038756132126,[inf]
256,3,0.001,True,L1Loss,uniform,0.03359118849039078,[inf]
256,3,0.001,False,MSELoss,dirichlet,[1.e+20],[1.e+20]
256,3,0.001,False,MSELoss,uniform,[1.e+20],[1.e+20]
256,3,0.001,False,L1Loss,dirichlet,[1.e+20],[1.e+20]
256,3,0.001,False,L1Loss,uniform,[1.e+20],[1.e+20]
256,3,0.0001,True,MSELoss,dirichlet,0.0007557310746051371,[5.15981161e+13]
256,3,0.0001,True,MSELoss,uniform,0.00037622908712364733,[1.49011616e+12]
256,3,0.0001,True,L1Loss,dirichlet,0.0025050428230315447,[2.11491053e+08]
256,3,0.0001,True,L1Loss,uniform,0.0029430908616632223,[21.68918823]
256,3,0.0001,False,MSELoss,dirichlet,[1.e+20],[1.e+20]
256,3,0.0001,False,MSELoss,uniform,[1.e+20],[1.e+20]
256,3,0.0001,False,L1Loss,dirichlet,[1.e+20],[1.e+20]
256,3,0.0001,False,L1Loss,uniform,[1.e+20],[1.e+20]
256,3,1e-05,True,MSELoss,dirichlet,0.000301032472634688,[inf]
256,3,1e-05,True,MSELoss,uniform,4.9297846999252215e-05,[5.874479e-05]
256,3,1e-05,True,L1Loss,dirichlet,0.0012524186167865992,[0.00138363]
256,3,1e-05,True,L1Loss,uniform,0.0012191905407235026,[0.00134414]
256,3,1e-05,False,MSELoss,dirichlet,[1.e+20],[1.e+20]
256,3,1e-05,False,MSELoss,uniform,[1.e+20],[1.e+20]
256,3,1e-05,False,L1Loss,dirichlet,[1.e+20],[1.e+20]
256,3,1e-05,False,L1Loss,uniform,[1.e+20],[1.e+20]
